Latitude,Longitude,Altitude,Time
null,null,null,2021-06-10T06:35:47Z
-34.57106609,-58.49264658,14.600000381469727,2021-06-10T06:37:35Z
-34.57107793,-58.49264823,14.100000381469727,2021-06-10T06:37:36Z
-34.57111386,-58.49267511,17.899999618530273,2021-06-10T06:37:38Z
-34.57113027,-58.49268037,21.200000762939453,2021-06-10T06:37:40Z
-34.57110777,-58.49262429,27.299999237060547,2021-06-10T06:37:44Z
-34.57107068,-58.49257311,28.799999237060547,2021-06-10T06:37:46Z
-34.57105538,-58.49251141,31.0,2021-06-10T06:37:48Z
-34.57101057,-58.49241869,31.5,2021-06-10T06:37:50Z
-34.57098499,-58.49234395,32.099998474121094,2021-06-10T06:37:52Z
-34.57096834,-58.49230158,35.599998474121094,2021-06-10T06:37:54Z
-34.57096093,-58.49228024,36.900001525878906,2021-06-10T06:37:56Z
-34.57094254,-58.49225502,36.099998474121094,2021-06-10T06:37:58Z
-34.5709069,-58.49220002,37.20000076293945,2021-06-10T06:38:00Z
-34.57087685,-58.49214126,38.400001525878906,2021-06-10T06:38:02Z
-34.57084038,-58.49206565,42.20000076293945,2021-06-10T06:38:04Z
-34.5708053,-58.49197209,43.099998474121094,2021-06-10T06:38:06Z
-34.57072605,-58.49183655,42.400001525878906,2021-06-10T06:38:08Z
-34.57066125,-58.49172093,42.5,2021-06-10T06:38:10Z
-34.57056921,-58.49163911,42.599998474121094,2021-06-10T06:38:12Z
-34.57053211,-58.49149204,42.20000076293945,2021-06-10T06:38:14Z
-34.57044741,-58.49136977,41.599998474121094,2021-06-10T06:38:16Z
-34.57035701,-58.49126188,41.400001525878906,2021-06-10T06:38:18Z
-34.5702554,-58.49114503,42.0,2021-06-10T06:38:20Z
-34.57023653,-58.4910389,42.20000076293945,2021-06-10T06:38:22Z
-34.57014982,-58.49093295,41.70000076293945,2021-06-10T06:38:24Z
-34.57004121,-58.4907723,41.900001525878906,2021-06-10T06:38:26Z
-34.5699419,-58.49061768,41.599998474121094,2021-06-10T06:38:28Z
-34.5698562,-58.4905225,41.79999923706055,2021-06-10T06:38:30Z
-34.56984878,-58.49042535,38.400001525878906,2021-06-10T06:38:32Z
-34.56984206,-58.49033922,38.20000076293945,2021-06-10T06:38:34Z
-34.56980728,-58.49025907,37.79999923706055,2021-06-10T06:38:36Z
-34.56972089,-58.49011441,37.099998474121094,2021-06-10T06:38:38Z
-34.56961692,-58.4899581,38.29999923706055,2021-06-10T06:38:40Z
-34.5694933,-58.48984543,38.599998474121094,2021-06-10T06:38:42Z
-34.56944751,-58.48975376,39.5,2021-06-10T06:38:44Z
-34.56941069,-58.48965599,39.400001525878906,2021-06-10T06:38:46Z
-34.56932008,-58.48955827,38.900001525878906,2021-06-10T06:38:48Z
-34.56933355,-58.48951201,38.70000076293945,2021-06-10T06:38:50Z
-34.56928609,-58.48941382,38.70000076293945,2021-06-10T06:38:52Z
-34.56924397,-58.48929218,39.29999923706055,2021-06-10T06:38:54Z
-34.56919795,-58.48916854,39.400001525878906,2021-06-10T06:38:56Z
-34.56913764,-58.48904283,39.20000076293945,2021-06-10T06:38:58Z
-34.56907807,-58.48888887,39.099998474121094,2021-06-10T06:39:00Z
-34.56900325,-58.48875523,38.79999923706055,2021-06-10T06:39:02Z
-34.56890752,-58.48863934,39.099998474121094,2021-06-10T06:39:04Z
-34.56879863,-58.48848627,39.29999923706055,2021-06-10T06:39:06Z
-34.56866581,-58.48840715,39.0,2021-06-10T06:39:08Z
-34.56857433,-58.48827868,38.400001525878906,2021-06-10T06:39:10Z
-34.56851131,-58.48820797,38.29999923706055,2021-06-10T06:39:12Z
-34.56857698,-58.48807429,38.5,2021-06-10T06:39:14Z
-34.56857168,-58.48797877,41.099998474121094,2021-06-10T06:39:16Z
-34.56853551,-58.48787959,43.099998474121094,2021-06-10T06:39:18Z
-34.56847816,-58.48776877,42.900001525878906,2021-06-10T06:39:20Z
-34.56842768,-58.48766353,43.20000076293945,2021-06-10T06:39:22Z
-34.56837709,-58.48753622,43.599998474121094,2021-06-10T06:39:24Z
-34.56832466,-58.48736942,44.099998474121094,2021-06-10T06:39:26Z
-34.56820297,-58.4872022,44.400001525878906,2021-06-10T06:39:28Z
-34.56809629,-58.486987,44.099998474121094,2021-06-10T06:39:30Z
-34.56798378,-58.48681379,43.599998474121094,2021-06-10T06:39:32Z
-34.56797914,-58.48678421,43.79999923706055,2021-06-10T06:39:34Z
-34.56795176,-58.48676953,43.099998474121094,2021-06-10T06:39:36Z
-34.56794221,-58.48675791,47.70000076293945,2021-06-10T06:39:46Z
-34.56792779,-58.4867593,49.099998474121094,2021-06-10T06:40:02Z
-34.56791406,-58.48676084,49.900001525878906,2021-06-10T06:40:06Z
-34.56790297,-58.48676203,50.599998474121094,2021-06-10T06:40:10Z
-34.56791362,-58.48676623,50.5,2021-06-10T06:40:20Z
-34.56792232,-58.48676949,50.599998474121094,2021-06-10T06:40:22Z
-34.56789383,-58.48670721,51.29999923706055,2021-06-10T06:40:28Z
-34.56788074,-58.48663531,51.099998474121094,2021-06-10T06:40:30Z
-34.56784324,-58.48656549,51.20000076293945,2021-06-10T06:40:32Z
-34.56780398,-58.48646744,51.29999923706055,2021-06-10T06:40:34Z
-34.56772016,-58.48627135,50.5,2021-06-10T06:40:36Z
-34.56764844,-58.48612872,50.70000076293945,2021-06-10T06:40:38Z
-34.5675748,-58.48597202,51.0,2021-06-10T06:40:40Z
-34.5674782,-58.48574966,52.400001525878906,2021-06-10T06:40:42Z
-34.56737983,-58.48554672,51.79999923706055,2021-06-10T06:40:44Z
-34.56727125,-58.48535869,50.900001525878906,2021-06-10T06:40:46Z
-34.56717148,-58.48518052,50.70000076293945,2021-06-10T06:40:48Z
-34.5670557,-58.48497593,49.29999923706055,2021-06-10T06:40:50Z
-34.56695145,-58.48480009,49.0,2021-06-10T06:40:52Z
-34.56689072,-58.48464047,54.29999923706055,2021-06-10T06:40:54Z
-34.56680127,-58.48446628,54.5,2021-06-10T06:40:56Z
-34.56671243,-58.48429881,54.20000076293945,2021-06-10T06:40:58Z
-34.566668,-58.48417592,54.5,2021-06-10T06:41:00Z
-34.56658445,-58.48407457,53.29999923706055,2021-06-10T06:41:02Z
-34.56652367,-58.48398074,52.20000076293945,2021-06-10T06:41:04Z
-34.56646805,-58.48388083,50.900001525878906,2021-06-10T06:41:06Z
-34.56643743,-58.48380396,50.400001525878906,2021-06-10T06:41:08Z
-34.56639058,-58.48369511,50.099998474121094,2021-06-10T06:41:10Z
-34.5663291,-58.48356527,49.5,2021-06-10T06:41:12Z
-34.56626916,-58.48344926,50.099998474121094,2021-06-10T06:41:14Z
-34.56617363,-58.48327073,49.29999923706055,2021-06-10T06:41:16Z
-34.56608583,-58.48309149,48.20000076293945,2021-06-10T06:41:18Z
-34.56599538,-58.48290721,48.400001525878906,2021-06-10T06:41:20Z
-34.56589855,-58.48273317,47.79999923706055,2021-06-10T06:41:22Z
-34.56581266,-58.48256166,48.5,2021-06-10T06:41:24Z
-34.56571331,-58.48235902,48.79999923706055,2021-06-10T06:41:26Z
-34.5656144,-58.48215891,49.5,2021-06-10T06:41:28Z
-34.56551266,-58.48194449,50.099998474121094,2021-06-10T06:41:30Z
-34.56540348,-58.48172073,50.29999923706055,2021-06-10T06:41:32Z
-34.56528947,-58.48149511,48.70000076293945,2021-06-10T06:41:34Z
-34.56518212,-58.48127194,49.20000076293945,2021-06-10T06:41:36Z
-34.56505765,-58.48103671,49.099998474121094,2021-06-10T06:41:38Z
-34.56493004,-58.4807863,49.400001525878906,2021-06-10T06:41:40Z
-34.56480246,-58.48052778,49.29999923706055,2021-06-10T06:41:42Z
-34.56467392,-58.48027484,49.400001525878906,2021-06-10T06:41:44Z
-34.56454812,-58.48004849,48.900001525878906,2021-06-10T06:41:46Z
-34.56443064,-58.47981883,48.70000076293945,2021-06-10T06:41:48Z
-34.56428807,-58.47958214,48.099998474121094,2021-06-10T06:41:50Z
-34.56415059,-58.47935688,46.20000076293945,2021-06-10T06:41:52Z
-34.56403733,-58.47911454,44.099998474121094,2021-06-10T06:41:54Z
-34.56392468,-58.47887501,44.20000076293945,2021-06-10T06:41:56Z
-34.56382611,-58.47865316,44.099998474121094,2021-06-10T06:41:58Z
-34.56372725,-58.47842365,44.0,2021-06-10T06:42:00Z
-34.56360325,-58.47819377,43.70000076293945,2021-06-10T06:42:02Z
-34.56352593,-58.47792896,42.70000076293945,2021-06-10T06:42:04Z
-34.56339238,-58.47770291,43.5,2021-06-10T06:42:06Z
-34.56327803,-58.47745853,44.20000076293945,2021-06-10T06:42:08Z
-34.56312011,-58.47722317,44.29999923706055,2021-06-10T06:42:10Z
-34.56297104,-58.47706386,45.099998474121094,2021-06-10T06:42:12Z
-34.56299268,-58.47701766,47.5,2021-06-10T06:42:14Z
-34.56295142,-58.47695007,48.5,2021-06-10T06:42:16Z
-34.56292119,-58.47691202,48.79999923706055,2021-06-10T06:42:18Z
-34.56292807,-58.47692092,49.79999923706055,2021-06-10T06:42:20Z
-34.562947,-58.47693017,50.20000076293945,2021-06-10T06:42:22Z
-34.5629683,-58.4769416,51.5,2021-06-10T06:42:26Z
-34.56295748,-58.47686305,53.5,2021-06-10T06:42:49Z
-34.56290725,-58.47676541,54.29999923706055,2021-06-10T06:42:51Z
-34.56282589,-58.47663004,53.29999923706055,2021-06-10T06:42:53Z
-34.56275414,-58.47649195,53.29999923706055,2021-06-10T06:42:55Z
-34.56268024,-58.47633843,51.79999923706055,2021-06-10T06:42:56Z
-34.56258358,-58.47620534,51.79999923706055,2021-06-10T06:42:58Z
-34.56250182,-58.47611987,51.29999923706055,2021-06-10T06:43:00Z
-34.56245501,-58.47606957,51.70000076293945,2021-06-10T06:43:02Z
-34.56249187,-58.47606312,52.29999923706055,2021-06-10T06:43:04Z
-34.56248892,-58.47607386,53.20000076293945,2021-06-10T06:43:09Z
-34.5624833,-58.47608385,53.0,2021-06-10T06:43:12Z
-34.56247783,-58.4760933,53.599998474121094,2021-06-10T06:43:18Z
-34.56245122,-58.4759819,49.599998474121094,2021-06-10T06:43:27Z
-34.56241185,-58.47585836,51.0,2021-06-10T06:43:30Z
-34.56231698,-58.47567531,53.29999923706055,2021-06-10T06:43:32Z
-34.56221661,-58.47546376,49.5,2021-06-10T06:43:34Z
-34.56212304,-58.47527032,51.5,2021-06-10T06:43:36Z
-34.56201991,-58.47505934,51.79999923706055,2021-06-10T06:43:38Z
-34.56194883,-58.47483864,51.099998474121094,2021-06-10T06:43:39Z
-34.56183321,-58.47463797,51.70000076293945,2021-06-10T06:43:42Z
-34.56172374,-58.47443875,52.400001525878906,2021-06-10T06:43:44Z
-34.56163522,-58.47426409,52.20000076293945,2021-06-10T06:43:45Z
-34.56158028,-58.47417661,52.20000076293945,2021-06-10T06:43:47Z
-34.56149476,-58.47414707,53.0,2021-06-10T06:43:49Z
-34.56148314,-58.474095,52.900001525878906,2021-06-10T06:43:51Z
-34.5614532,-58.47406103,52.599998474121094,2021-06-10T06:43:53Z
-34.56143816,-58.4740585,53.099998474121094,2021-06-10T06:43:55Z
-34.5614272,-58.47405148,53.0,2021-06-10T06:44:03Z
-34.56143564,-58.47404155,52.599998474121094,2021-06-10T06:44:11Z
-34.56140827,-58.47395869,54.900001525878906,2021-06-10T06:44:13Z
-34.5613851,-58.47388392,53.099998474121094,2021-06-10T06:44:15Z
-34.56131476,-58.47375669,53.099998474121094,2021-06-10T06:44:17Z
-34.56123035,-58.47360948,52.599998474121094,2021-06-10T06:44:19Z
-34.56113312,-58.47342496,52.099998474121094,2021-06-10T06:44:21Z
-34.56104355,-58.47324264,51.0,2021-06-10T06:44:23Z
-34.56093959,-58.47306113,50.79999923706055,2021-06-10T06:44:25Z
-34.5608439,-58.4728787,50.70000076293945,2021-06-10T06:44:27Z
-34.56077561,-58.47270671,51.20000076293945,2021-06-10T06:44:29Z
-34.56067568,-58.47251955,51.099998474121094,2021-06-10T06:44:31Z
-34.56058771,-58.47234039,51.099998474121094,2021-06-10T06:44:33Z
-34.5604921,-58.47216396,51.29999923706055,2021-06-10T06:44:35Z
-34.56040364,-58.47203888,51.599998474121094,2021-06-10T06:44:37Z
-34.56036622,-58.47192903,51.900001525878906,2021-06-10T06:44:39Z
-34.56034491,-58.47187634,52.0,2021-06-10T06:44:41Z
-34.56031739,-58.47182283,52.20000076293945,2021-06-10T06:44:43Z
-34.56030482,-58.47177647,44.599998474121094,2021-06-10T06:44:47Z
-34.56027393,-58.47170601,39.400001525878906,2021-06-10T06:44:49Z
-34.56023291,-58.47162305,38.70000076293945,2021-06-10T06:44:51Z
-34.56016367,-58.47149671,36.70000076293945,2021-06-10T06:44:53Z
-34.56012632,-58.47138704,36.5,2021-06-10T06:44:55Z
-34.56008578,-58.47130509,37.20000076293945,2021-06-10T06:44:57Z
-34.55999855,-58.47115499,38.20000076293945,2021-06-10T06:45:01Z
-34.55993157,-58.47105776,38.400001525878906,2021-06-10T06:45:04Z
-34.55986611,-58.47091324,37.599998474121094,2021-06-10T06:45:05Z
-34.5598084,-58.47078822,38.099998474121094,2021-06-10T06:45:07Z
-34.55970611,-58.47061747,39.29999923706055,2021-06-10T06:45:09Z
-34.55961438,-58.47045384,39.400001525878906,2021-06-10T06:45:11Z
-34.55957056,-58.47036534,38.599998474121094,2021-06-10T06:45:12Z
-34.55960949,-58.47032656,37.599998474121094,2021-06-10T06:45:15Z
-34.55958551,-58.47027764,37.79999923706055,2021-06-10T06:45:16Z
-34.55958621,-58.47030549,36.900001525878906,2021-06-10T06:45:19Z
-34.55956943,-58.47029071,36.400001525878906,2021-06-10T06:45:21Z
-34.55954763,-58.47029239,35.900001525878906,2021-06-10T06:45:23Z
-34.55955796,-58.47029502,35.099998474121094,2021-06-10T06:45:25Z
-34.55953923,-58.47028892,34.599998474121094,2021-06-10T06:45:27Z
-34.55953115,-58.47029811,35.400001525878906,2021-06-10T06:45:35Z
-34.55952123,-58.47029085,35.900001525878906,2021-06-10T06:45:37Z
-34.55950983,-58.47028421,36.400001525878906,2021-06-10T06:46:24Z
-34.55942669,-58.47025894,34.79999923706055,2021-06-10T06:46:26Z
-34.55935225,-58.47025667,32.20000076293945,2021-06-10T06:46:28Z
-34.55927749,-58.47026123,33.900001525878906,2021-06-10T06:46:30Z
-34.55918543,-58.47028263,33.5,2021-06-10T06:46:32Z
-34.55910095,-58.47034043,34.400001525878906,2021-06-10T06:46:34Z
-34.55899882,-58.47038178,34.0,2021-06-10T06:46:36Z
-34.55895108,-58.47043714,34.400001525878906,2021-06-10T06:46:38Z
-34.55882984,-58.47055123,30.600000381469727,2021-06-10T06:46:40Z
-34.55874259,-58.47060884,28.799999237060547,2021-06-10T06:46:43Z
-34.55862774,-58.47068212,28.200000762939453,2021-06-10T06:46:45Z
-34.55851993,-58.47073715,29.200000762939453,2021-06-10T06:46:46Z
-34.55846837,-58.47082405,31.700000762939453,2021-06-10T06:46:48Z
-34.55842784,-58.47088921,30.100000381469727,2021-06-10T06:46:50Z
-34.55835392,-58.47083761,29.299999237060547,2021-06-10T06:46:53Z
-34.55828639,-58.47083738,30.700000762939453,2021-06-10T06:46:55Z
-34.55827994,-58.47077499,33.70000076293945,2021-06-10T06:46:56Z
-34.55824828,-58.47071761,35.20000076293945,2021-06-10T06:46:58Z
-34.55822939,-58.47064674,33.70000076293945,2021-06-10T06:47:00Z
-34.55818835,-58.47058133,32.599998474121094,2021-06-10T06:47:02Z
-34.55811249,-58.47044517,34.0,2021-06-10T06:47:06Z
-34.55809187,-58.47040478,34.599998474121094,2021-06-10T06:47:07Z
-34.55804393,-58.47033129,38.900001525878906,2021-06-10T06:47:09Z
-34.55797638,-58.4702492,40.599998474121094,2021-06-10T06:47:11Z
-34.55794154,-58.47016009,42.0,2021-06-10T06:47:12Z
-34.55785969,-58.47001016,39.79999923706055,2021-06-10T06:47:14Z
-34.55777985,-58.46980806,41.5,2021-06-10T06:47:18Z
-34.55774518,-58.46970573,40.70000076293945,2021-06-10T06:47:20Z
-34.55770153,-58.46958068,49.099998474121094,2021-06-10T06:47:23Z
-34.55761917,-58.46948257,45.79999923706055,2021-06-10T06:47:26Z
-34.55756234,-58.46937336,44.099998474121094,2021-06-10T06:47:28Z
-34.55752608,-58.46929176,43.099998474121094,2021-06-10T06:47:30Z
-34.55747447,-58.46918159,43.20000076293945,2021-06-10T06:47:32Z
-34.55736732,-58.46898505,40.20000076293945,2021-06-10T06:47:35Z
-34.55732566,-58.46887319,41.20000076293945,2021-06-10T06:47:37Z
-34.5572826,-58.46877418,43.099998474121094,2021-06-10T06:47:39Z
-34.55723443,-58.46868628,44.599998474121094,2021-06-10T06:47:41Z
-34.5571829,-58.46860393,45.79999923706055,2021-06-10T06:47:42Z
-34.55711994,-58.46849229,43.900001525878906,2021-06-10T06:47:44Z
-34.5570477,-58.46838469,43.5,2021-06-10T06:47:46Z
-34.55700264,-58.46832706,43.5,2021-06-10T06:47:50Z
-34.55696164,-58.4682797,44.400001525878906,2021-06-10T06:47:52Z
-34.55695454,-58.46823395,44.79999923706055,2021-06-10T06:47:54Z
-34.5569398,-58.46821595,44.5,2021-06-10T06:47:56Z
-34.55695177,-58.46819513,42.0,2021-06-10T06:47:57Z
-34.55695938,-58.46821897,42.900001525878906,2021-06-10T06:47:59Z
-34.55694823,-58.46820103,42.20000076293945,2021-06-10T06:48:08Z
-34.55695676,-58.46821384,40.900001525878906,2021-06-10T06:48:12Z
-34.5569487,-58.46820295,40.900001525878906,2021-06-10T06:48:14Z
-34.55693458,-58.46817814,40.900001525878906,2021-06-10T06:48:17Z
-34.55690399,-58.46812472,41.599998474121094,2021-06-10T06:48:19Z
-34.5568705,-58.46804191,42.5,2021-06-10T06:48:21Z
-34.55679654,-58.46789945,41.70000076293945,2021-06-10T06:48:23Z
-34.55673517,-58.46776469,42.5,2021-06-10T06:48:25Z
-34.5566738,-58.46764651,42.599998474121094,2021-06-10T06:48:27Z
-34.55661756,-58.46754134,41.900001525878906,2021-06-10T06:48:29Z
-34.55655835,-58.46743557,40.70000076293945,2021-06-10T06:48:31Z
-34.55650577,-58.46736739,39.900001525878906,2021-06-10T06:48:33Z
-34.55647205,-58.46728307,42.5,2021-06-10T06:48:35Z
-34.55643841,-58.46719237,40.70000076293945,2021-06-10T06:48:37Z
-34.5564076,-58.46710462,41.29999923706055,2021-06-10T06:48:38Z
-34.55632847,-58.46697706,40.5,2021-06-10T06:48:40Z
-34.55626551,-58.46688792,40.0,2021-06-10T06:48:42Z
-34.55622702,-58.46679392,40.099998474121094,2021-06-10T06:48:44Z
-34.55617478,-58.4666257,42.29999923706055,2021-06-10T06:48:48Z
-34.55610934,-58.46650692,42.20000076293945,2021-06-10T06:48:50Z
-34.55604003,-58.46642452,40.79999923706055,2021-06-10T06:48:52Z
-34.55598247,-58.46639493,42.29999923706055,2021-06-10T06:48:54Z
-34.55592192,-58.46633682,44.400001525878906,2021-06-10T06:48:55Z
-34.55588935,-58.46628686,44.20000076293945,2021-06-10T06:48:58Z
-34.55587333,-58.46623753,43.70000076293945,2021-06-10T06:49:00Z
-34.55584721,-58.46613897,45.0,2021-06-10T06:49:02Z
-34.55579418,-58.46607853,44.79999923706055,2021-06-10T06:49:04Z
-34.55576172,-58.46603362,45.79999923706055,2021-06-10T06:49:05Z
-34.55574564,-58.46596845,44.900001525878906,2021-06-10T06:49:07Z
-34.55569923,-58.46592236,35.79999923706055,2021-06-10T06:49:09Z
-34.55566456,-58.46587585,30.0,2021-06-10T06:49:12Z
-34.55565944,-58.4658039,29.5,2021-06-10T06:49:13Z
-34.55562705,-58.46576131,29.600000381469727,2021-06-10T06:49:15Z
-34.55561529,-58.46568293,29.100000381469727,2021-06-10T06:49:17Z
-34.5555782,-58.46562205,27.799999237060547,2021-06-10T06:49:19Z
-34.55552117,-58.46558486,30.100000381469727,2021-06-10T06:49:21Z
-34.55547738,-58.46553832,29.899999618530273,2021-06-10T06:49:23Z
-34.55544258,-58.46547586,32.400001525878906,2021-06-10T06:49:25Z
-34.55543579,-58.4654203,33.70000076293945,2021-06-10T06:49:27Z
-34.55538988,-58.46537158,32.900001525878906,2021-06-10T06:49:29Z
-34.55534382,-58.4653328,31.399999618530273,2021-06-10T06:49:32Z
-34.55530462,-58.46531675,30.600000381469727,2021-06-10T06:49:34Z
-34.55525402,-58.46531004,29.0,2021-06-10T06:49:36Z
-34.55520972,-58.46533878,30.0,2021-06-10T06:49:37Z
-34.55512779,-58.46536346,29.5,2021-06-10T06:49:39Z
-34.55507654,-58.46545422,31.0,2021-06-10T06:49:41Z
-34.55502903,-58.46555419,31.399999618530273,2021-06-10T06:49:43Z
-34.55496555,-58.46568921,31.5,2021-06-10T06:49:45Z
-34.55489484,-58.46584417,33.099998474121094,2021-06-10T06:49:48Z
-34.5548096,-58.46594835,31.600000381469727,2021-06-10T06:49:50Z
-34.55474849,-58.46607091,31.899999618530273,2021-06-10T06:49:52Z
-34.55469314,-58.46614928,32.20000076293945,2021-06-10T06:49:54Z
-34.55465653,-58.46620173,33.20000076293945,2021-06-10T06:49:55Z
-34.55461875,-58.466274,34.400001525878906,2021-06-10T06:49:57Z
-34.55458933,-58.46634144,34.5,2021-06-10T06:49:59Z
-34.55456644,-58.46639256,35.099998474121094,2021-06-10T06:50:01Z
-34.55450666,-58.46644319,35.29999923706055,2021-06-10T06:50:03Z
-34.55447446,-58.46645312,35.29999923706055,2021-06-10T06:50:05Z
-34.55445104,-58.46651149,40.29999923706055,2021-06-10T06:50:07Z
-34.55442977,-58.46656329,43.0,2021-06-10T06:50:10Z
-34.5544104,-58.46661835,43.20000076293945,2021-06-10T06:50:12Z
-34.55438353,-58.46663739,43.599998474121094,2021-06-10T06:50:13Z
-34.55432782,-58.46671005,42.900001525878906,2021-06-10T06:50:15Z
-34.55426826,-58.46683582,39.70000076293945,2021-06-10T06:50:17Z
-34.55417435,-58.46691242,39.20000076293945,2021-06-10T06:50:20Z
-34.55408052,-58.46697106,37.900001525878906,2021-06-10T06:50:22Z
-34.55404485,-58.46702823,38.900001525878906,2021-06-10T06:50:24Z
-34.55401552,-58.46709106,36.099998474121094,2021-06-10T06:50:26Z
-34.55396819,-58.46717553,35.099998474121094,2021-06-10T06:50:27Z
-34.55385813,-58.46724624,31.5,2021-06-10T06:50:29Z
-34.55377021,-58.46729979,26.0,2021-06-10T06:50:31Z
-34.55370499,-58.46734212,25.600000381469727,2021-06-10T06:50:33Z
-34.55365508,-58.46736895,25.5,2021-06-10T06:50:35Z
-34.55359873,-58.46740129,25.299999237060547,2021-06-10T06:50:37Z
-34.55357599,-58.46744022,23.899999618530273,2021-06-10T06:50:39Z
-34.55353785,-58.46746812,23.399999618530273,2021-06-10T06:50:42Z
-34.55355252,-58.46746725,24.399999618530273,2021-06-10T06:50:44Z
-34.5535665,-58.46749163,23.399999618530273,2021-06-10T06:50:47Z
-34.55359763,-58.46750658,21.600000381469727,2021-06-10T06:50:49Z
-34.55362823,-58.46746149,21.899999618530273,2021-06-10T06:50:51Z
-34.55367186,-58.46742234,20.0,2021-06-10T06:50:53Z
-34.55368347,-58.4674153,19.5,2021-06-10T06:50:55Z
-34.55370998,-58.46743836,18.399999618530273,2021-06-10T06:50:57Z
-34.55370722,-58.46748361,19.100000381469727,2021-06-10T06:50:59Z
-34.55369078,-58.467477,19.899999618530273,2021-06-10T06:51:01Z
-34.55359734,-58.46749737,20.799999237060547,2021-06-10T06:51:03Z
-34.5535865,-58.46750297,17.899999618530273,2021-06-10T06:51:06Z
-34.55358188,-58.46746935,21.299999237060547,2021-06-10T06:51:08Z
-34.55357596,-58.46745578,22.200000762939453,2021-06-10T06:51:10Z
-34.55357049,-58.46746459,23.600000381469727,2021-06-10T06:51:17Z
-34.55356202,-58.46746006,25.899999618530273,2021-06-10T06:51:21Z
-34.55355332,-58.46745591,27.200000762939453,2021-06-10T06:51:23Z
-34.55354588,-58.46744961,28.100000381469727,2021-06-10T06:51:36Z
-34.55356675,-58.46746039,27.600000381469727,2021-06-10T06:57:12Z
-34.55349999,-58.46752465,26.700000762939453,2021-06-10T06:57:16Z
-34.55356827,-58.46753972,27.799999237060547,2021-06-10T06:57:18Z
-34.55359867,-58.46753822,30.700000762939453,2021-06-10T06:57:19Z
-34.55362742,-58.467561,33.70000076293945,2021-06-10T06:57:21Z
-34.55364974,-58.46758132,35.20000076293945,2021-06-10T06:57:23Z
-34.55367336,-58.46760133,35.599998474121094,2021-06-10T06:57:25Z
-34.55369683,-58.4676215,35.5,2021-06-10T06:57:28Z
-34.55369542,-58.46765106,35.79999923706055,2021-06-10T06:57:30Z
-34.55368371,-58.46772767,37.0,2021-06-10T06:57:32Z
-34.55373834,-58.46778534,36.0,2021-06-10T06:57:34Z
-34.55374963,-58.4677784,37.400001525878906,2021-06-10T06:57:35Z
-34.55376061,-58.46777362,37.099998474121094,2021-06-10T06:57:37Z
-34.55378124,-58.46779379,36.79999923706055,2021-06-10T06:57:39Z
-34.55379864,-58.46779365,36.79999923706055,2021-06-10T06:57:41Z
-34.55381244,-58.46779276,36.79999923706055,2021-06-10T06:57:43Z
-34.55382395,-58.46779166,36.79999923706055,2021-06-10T06:57:45Z
-34.55383471,-58.46778952,36.900001525878906,2021-06-10T06:57:47Z
-34.5538393,-58.46777769,36.900001525878906,2021-06-10T06:57:49Z
-34.55385208,-58.46777811,36.900001525878906,2021-06-10T06:57:51Z
-34.55381569,-58.46769929,36.599998474121094,2021-06-10T06:58:06Z
-34.55377156,-58.46761222,36.599998474121094,2021-06-10T06:58:07Z
-34.55376761,-58.46759928,36.5,2021-06-10T06:58:09Z
-34.55375919,-58.46759142,36.5,2021-06-10T06:58:11Z
-34.55372199,-58.46756997,36.29999923706055,2021-06-10T06:58:17Z
-34.55368718,-58.4675175,36.29999923706055,2021-06-10T06:58:19Z
-34.55366045,-58.46752615,36.70000076293945,2021-06-10T06:58:21Z
-34.55363718,-58.46756694,36.79999923706055,2021-06-10T06:58:23Z
-34.55356945,-58.46760795,38.20000076293945,2021-06-10T06:58:25Z
-34.55359551,-58.46770798,40.79999923706055,2021-06-10T06:58:27Z
-34.55357119,-58.46776362,43.5,2021-06-10T06:58:29Z
-34.55357895,-58.46783269,46.0,2021-06-10T06:58:31Z
-34.55360798,-58.46787756,43.20000076293945,2021-06-10T06:58:33Z
-34.55364608,-58.46787896,46.70000076293945,2021-06-10T06:58:35Z
-34.55359463,-58.46776956,46.79999923706055,2021-06-10T06:58:37Z
-34.55359052,-58.46774914,47.400001525878906,2021-06-10T06:58:41Z
-34.55361222,-58.46776184,48.29999923706055,2021-06-10T06:58:45Z
-34.55360463,-58.46774463,47.099998474121094,2021-06-10T06:58:53Z
-34.55360058,-58.46773202,47.400001525878906,2021-06-10T06:59:06Z
-34.55359987,-58.46772069,47.400001525878906,2021-06-10T06:59:50Z
-34.55359443,-58.46770143,47.79999923706055,2021-06-10T06:59:54Z
-34.55358745,-58.46768175,48.099998474121094,2021-06-10T06:59:56Z
-34.55358192,-58.4676699,48.29999923706055,2021-06-10T07:00:01Z
-34.5535775,-58.46766034,48.400001525878906,2021-06-10T07:00:03Z
-34.55357657,-58.46764914,48.70000076293945,2021-06-10T07:01:10Z
-34.55358821,-58.46765027,47.20000076293945,2021-06-10T07:01:51Z
-34.55357954,-58.46763215,47.0,2021-06-10T07:01:53Z
-34.55358741,-58.46766096,46.20000076293945,2021-06-10T07:01:54Z
-34.55360165,-58.46769067,45.79999923706055,2021-06-10T07:01:56Z
-34.55362135,-58.46772262,45.599998474121094,2021-06-10T07:01:58Z
-34.55364666,-58.46774906,45.599998474121094,2021-06-10T07:02:00Z
-34.55366785,-58.46777633,45.599998474121094,2021-06-10T07:02:02Z
-34.5536896,-58.46780261,45.599998474121094,2021-06-10T07:02:04Z
-34.55369764,-58.46782093,45.70000076293945,2021-06-10T07:02:07Z
-34.5537053,-58.46786704,45.5,2021-06-10T07:02:09Z
-34.55370805,-58.46791139,45.599998474121094,2021-06-10T07:02:11Z
-34.55373271,-58.4679457,45.599998474121094,2021-06-10T07:02:13Z
-34.55370938,-58.46786938,45.400001525878906,2021-06-10T07:02:15Z
-34.55371192,-58.46789837,45.5,2021-06-10T07:02:17Z
-34.55371428,-58.46793508,45.29999923706055,2021-06-10T07:02:18Z
-34.55371446,-58.46796706,45.400001525878906,2021-06-10T07:02:20Z
-34.5537172,-58.46798681,45.400001525878906,2021-06-10T07:02:22Z
-34.55364458,-58.46777067,45.29999923706055,2021-06-10T07:02:24Z
-34.55353234,-58.46750017,45.20000076293945,2021-06-10T07:02:26Z
-34.55354434,-58.46749652,44.70000076293945,2021-06-10T07:02:28Z
-34.55355903,-58.46743899,44.70000076293945,2021-06-10T07:02:30Z
-34.55357363,-58.46737588,44.70000076293945,2021-06-10T07:02:32Z
-34.55362862,-58.46734334,44.400001525878906,2021-06-10T07:02:34Z
-34.55361965,-58.46733163,44.400001525878906,2021-06-10T07:02:36Z
-34.55363154,-58.46733786,44.29999923706055,2021-06-10T07:02:38Z
-34.55361728,-58.46734578,44.20000076293945,2021-06-10T07:02:40Z
-34.55363004,-58.46733053,44.0,2021-06-10T07:02:42Z
-34.55362009,-58.46733242,44.099998474121094,2021-06-10T07:02:44Z
-34.5536421,-58.46734466,44.099998474121094,2021-06-10T07:02:46Z
-34.55365664,-58.46732577,44.0,2021-06-10T07:02:48Z
-34.55367059,-58.46733254,44.0,2021-06-10T07:02:50Z
-34.55359692,-58.46731219,43.79999923706055,2021-06-10T07:02:52Z
-34.55359281,-58.46732204,43.599998474121094,2021-06-10T07:02:55Z
-34.55358193,-58.46731833,43.70000076293945,2021-06-10T07:03:00Z
-34.55343768,-58.46734907,44.29999923706055,2021-06-10T07:03:02Z
-34.55348106,-58.46730971,39.099998474121094,2021-06-10T07:03:04Z
-34.55342764,-58.46721985,38.5,2021-06-10T07:03:08Z
-34.55342191,-58.46724305,37.099998474121094,2021-06-10T07:03:10Z
-34.55340006,-58.46724197,35.29999923706055,2021-06-10T07:03:11Z
-34.55340615,-58.46725192,34.599998474121094,2021-06-10T07:03:13Z
-34.55344668,-58.46731674,33.599998474121094,2021-06-10T07:03:19Z
-34.55344956,-58.46733463,33.599998474121094,2021-06-10T07:03:24Z
-34.55344794,-58.46732313,36.29999923706055,2021-06-10T07:03:25Z
-34.55346555,-58.46737545,35.20000076293945,2021-06-10T07:03:27Z
-34.55348218,-58.46740217,33.29999923706055,2021-06-10T07:03:30Z
-34.55350478,-58.46741336,36.79999923706055,2021-06-10T07:03:32Z
-34.55351478,-58.46742059,37.0,2021-06-10T07:03:33Z
-34.55352403,-58.4674258,38.400001525878906,2021-06-10T07:03:56Z
-34.55354225,-58.46742705,36.5,2021-06-10T07:03:58Z
-34.55356059,-58.4674235,37.29999923706055,2021-06-10T07:04:01Z
-34.5535706,-58.46742505,35.70000076293945,2021-06-10T07:04:04Z
-34.55357843,-58.46746167,34.70000076293945,2021-06-10T07:04:06Z
-34.55357384,-58.46748401,35.599998474121094,2021-06-10T07:04:07Z
-34.55357784,-58.46750399,35.29999923706055,2021-06-10T07:04:09Z
-34.55356925,-58.46750743,36.0,2021-06-10T07:04:20Z
-34.55360218,-58.46755532,34.900001525878906,2021-06-10T07:05:02Z
-34.55359407,-58.46758558,34.29999923706055,2021-06-10T07:05:03Z
-34.55357419,-58.4675823,34.400001525878906,2021-06-10T07:05:05Z
-34.55353133,-58.46760598,33.20000076293945,2021-06-10T07:05:08Z
-34.55347513,-58.46763588,33.20000076293945,2021-06-10T07:05:10Z
-34.55344463,-58.46764948,33.70000076293945,2021-06-10T07:05:11Z
-34.55342491,-58.46769043,33.20000076293945,2021-06-10T07:05:13Z
-34.55341055,-58.46778624,33.5,2021-06-10T07:05:16Z
-34.55333045,-58.46785977,35.70000076293945,2021-06-10T07:05:18Z
-34.55322434,-58.46787951,33.0,2021-06-10T07:05:19Z
-34.55311909,-58.46789061,31.899999618530273,2021-06-10T07:05:21Z
-34.55302871,-58.46790069,31.600000381469727,2021-06-10T07:05:24Z
-34.55297391,-58.46794166,30.100000381469727,2021-06-10T07:05:26Z
-34.55291787,-58.46802816,30.399999618530273,2021-06-10T07:05:27Z
-34.55286143,-58.46807572,30.100000381469727,2021-06-10T07:05:29Z
-34.55281097,-58.46810241,29.399999618530273,2021-06-10T07:05:32Z
-34.55274294,-58.46816596,30.700000762939453,2021-06-10T07:05:34Z
-34.55263458,-58.46824557,33.20000076293945,2021-06-10T07:05:35Z
-34.5525477,-58.46832911,34.29999923706055,2021-06-10T07:05:37Z
-34.55249494,-58.4684231,34.20000076293945,2021-06-10T07:05:40Z
-34.55240814,-58.46846618,34.0,2021-06-10T07:05:42Z
-34.55231256,-58.46847365,34.400001525878906,2021-06-10T07:05:43Z
-34.55224825,-58.46851233,34.400001525878906,2021-06-10T07:05:45Z
-34.55218855,-58.46858835,34.099998474121094,2021-06-10T07:05:48Z
-34.5521167,-58.46862536,33.900001525878906,2021-06-10T07:05:50Z
-34.55205243,-58.4686579,32.400001525878906,2021-06-10T07:05:51Z
-34.55203197,-58.46869512,33.099998474121094,2021-06-10T07:05:53Z
-34.55208493,-58.4688073,42.099998474121094,2021-06-10T07:05:56Z
-34.55211993,-58.46888025,42.79999923706055,2021-06-10T07:05:58Z
-34.55216788,-58.46896967,43.599998474121094,2021-06-10T07:05:59Z
-34.55221748,-58.46902024,44.099998474121094,2021-06-10T07:06:01Z
-34.55226089,-58.46908328,43.900001525878906,2021-06-10T07:06:04Z
-34.55232081,-58.46922414,43.20000076293945,2021-06-10T07:06:06Z
-34.55234482,-58.46932869,42.70000076293945,2021-06-10T07:06:07Z
-34.55238298,-58.4694167,41.900001525878906,2021-06-10T07:06:09Z
-34.55241924,-58.46949749,41.5,2021-06-10T07:06:12Z
-34.55247182,-58.46962463,41.70000076293945,2021-06-10T07:06:14Z
-34.55255715,-58.46977038,40.79999923706055,2021-06-10T07:06:15Z
-34.55260592,-58.4698798,39.900001525878906,2021-06-10T07:06:17Z
-34.55266362,-58.46999261,40.29999923706055,2021-06-10T07:06:20Z
-34.55272055,-58.47009627,39.79999923706055,2021-06-10T07:06:22Z
-34.5527865,-58.47020684,40.0,2021-06-10T07:06:23Z
-34.55284401,-58.47033198,39.79999923706055,2021-06-10T07:06:25Z
-34.55289867,-58.47042836,38.599998474121094,2021-06-10T07:06:28Z
-34.5529941,-58.47057068,37.20000076293945,2021-06-10T07:06:30Z
-34.55305645,-58.47067404,36.5,2021-06-10T07:06:31Z
-34.55314536,-58.47080476,35.70000076293945,2021-06-10T07:06:33Z
-34.55321155,-58.47093237,35.599998474121094,2021-06-10T07:06:36Z
-34.55323421,-58.47101893,36.0,2021-06-10T07:06:38Z
-34.55326887,-58.4710824,34.599998474121094,2021-06-10T07:06:39Z
-34.55330205,-58.47114443,34.599998474121094,2021-06-10T07:06:41Z
-34.55333835,-58.47120182,36.29999923706055,2021-06-10T07:06:44Z
-34.55336495,-58.47126192,37.29999923706055,2021-06-10T07:06:46Z
-34.55346447,-58.47140991,35.400001525878906,2021-06-10T07:06:47Z
-34.55353381,-58.47153744,35.099998474121094,2021-06-10T07:06:49Z
-34.55361536,-58.47168498,35.5,2021-06-10T07:06:52Z
-34.55369937,-58.47182256,35.20000076293945,2021-06-10T07:06:54Z
-34.55374413,-58.47191477,35.400001525878906,2021-06-10T07:06:55Z
-34.55377113,-58.4719821,31.700000762939453,2021-06-10T07:06:57Z
-34.55379615,-58.47207474,30.100000381469727,2021-06-10T07:07:00Z
-34.55382297,-58.47216989,29.200000762939453,2021-06-10T07:07:02Z
-34.55390023,-58.47231348,29.399999618530273,2021-06-10T07:07:03Z
-34.55397595,-58.47244823,29.5,2021-06-10T07:07:05Z
-34.55403642,-58.47256813,29.700000762939453,2021-06-10T07:07:08Z
-34.55410776,-58.47268847,30.299999237060547,2021-06-10T07:07:10Z
-34.55416327,-58.47277357,28.200000762939453,2021-06-10T07:07:11Z
-34.55421281,-58.47285083,27.299999237060547,2021-06-10T07:07:13Z
-34.55424957,-58.47289538,27.399999618530273,2021-06-10T07:07:16Z
-34.55428691,-58.47295205,27.0,2021-06-10T07:07:18Z
-34.55435,-58.47305561,26.700000762939453,2021-06-10T07:07:19Z
-34.55442296,-58.47318585,28.799999237060547,2021-06-10T07:07:21Z
-34.55448342,-58.47329581,28.799999237060547,2021-06-10T07:07:24Z
-34.55450831,-58.4733887,22.600000381469727,2021-06-10T07:07:26Z
-34.55456072,-58.47349562,22.700000762939453,2021-06-10T07:07:27Z
-34.55462127,-58.47357841,22.899999618530273,2021-06-10T07:07:29Z
-34.55468094,-58.47367932,22.200000762939453,2021-06-10T07:07:32Z
-34.55475466,-58.47378907,23.200000762939453,2021-06-10T07:07:34Z
-34.55482622,-58.47388979,22.799999237060547,2021-06-10T07:07:35Z
-34.55487865,-58.47397634,23.399999618530273,2021-06-10T07:07:37Z
-34.55487192,-58.47402075,23.399999618530273,2021-06-10T07:07:40Z
-34.55490581,-58.4740705,23.5,2021-06-10T07:07:42Z
-34.55493005,-58.47412885,23.5,2021-06-10T07:07:43Z
-34.55496514,-58.47419688,23.5,2021-06-10T07:07:45Z
-34.55491848,-58.47425224,18.5,2021-06-10T07:07:48Z
-34.55495356,-58.47433848,13.899999618530273,2021-06-10T07:07:50Z
-34.55502241,-58.4744457,13.800000190734863,2021-06-10T07:07:51Z
-34.55509714,-58.47455646,13.100000381469727,2021-06-10T07:07:53Z
-34.55517109,-58.47465565,13.5,2021-06-10T07:07:56Z
-34.55524309,-58.47481685,12.399999618530273,2021-06-10T07:07:58Z
-34.55534858,-58.47496157,14.300000190734863,2021-06-10T07:07:59Z
-34.55541986,-58.47510257,16.5,2021-06-10T07:08:01Z
-34.55547907,-58.47521914,16.700000762939453,2021-06-10T07:08:04Z
-34.55552633,-58.47529854,16.799999237060547,2021-06-10T07:08:06Z
-34.55560591,-58.47538021,16.899999618530273,2021-06-10T07:08:07Z
-34.55569182,-58.47540913,17.0,2021-06-10T07:08:09Z
-34.55579438,-58.4753281,19.399999618530273,2021-06-10T07:08:12Z
-34.55587615,-58.4752572,20.200000762939453,2021-06-10T07:08:14Z
-34.55600055,-58.47517472,21.399999618530273,2021-06-10T07:08:15Z
-34.55610232,-58.47510989,22.5,2021-06-10T07:08:17Z
-34.5561983,-58.47505,24.5,2021-06-10T07:08:20Z
-34.55630094,-58.47498485,24.600000381469727,2021-06-10T07:08:22Z
-34.55641875,-58.47490396,25.200000762939453,2021-06-10T07:08:23Z
-34.55655874,-58.47482523,25.299999237060547,2021-06-10T07:08:25Z
-34.55668282,-58.47473355,25.299999237060547,2021-06-10T07:08:28Z
-34.55678464,-58.47464361,25.5,2021-06-10T07:08:30Z
-34.55691699,-58.47455085,26.0,2021-06-10T07:08:31Z
-34.55702309,-58.47447361,27.200000762939453,2021-06-10T07:08:33Z
-34.55711165,-58.47440366,26.899999618530273,2021-06-10T07:08:36Z
-34.55719222,-58.4743401,26.799999237060547,2021-06-10T07:08:38Z
-34.55726836,-58.47429048,27.100000381469727,2021-06-10T07:08:39Z
-34.55733807,-58.4742298,27.0,2021-06-10T07:08:41Z
-34.55740607,-58.47418177,26.899999618530273,2021-06-10T07:08:44Z
-34.55748116,-58.47418743,27.399999618530273,2021-06-10T07:08:46Z
-34.55756808,-58.47426921,26.799999237060547,2021-06-10T07:08:47Z
-34.55763698,-58.47435286,26.899999618530273,2021-06-10T07:08:49Z
-34.55770169,-58.47448063,26.600000381469727,2021-06-10T07:08:52Z
-34.55778918,-58.47461252,27.200000762939453,2021-06-10T07:08:54Z
-34.55786856,-58.47468862,27.0,2021-06-10T07:08:55Z
-34.55792793,-58.47481494,26.799999237060547,2021-06-10T07:08:57Z
-34.55795419,-58.47489318,26.5,2021-06-10T07:09:00Z
-34.55797908,-58.47496109,26.899999618530273,2021-06-10T07:09:02Z
-34.55801122,-58.47503408,27.600000381469727,2021-06-10T07:09:03Z
-34.55803661,-58.47508344,27.700000762939453,2021-06-10T07:09:05Z
-34.55805828,-58.47513026,27.799999237060547,2021-06-10T07:09:08Z
-34.55807837,-58.47517231,27.600000381469727,2021-06-10T07:09:10Z
-34.55808791,-58.47520623,28.100000381469727,2021-06-10T07:09:11Z
-34.55810447,-58.47524201,29.399999618530273,2021-06-10T07:09:13Z
-34.55812306,-58.4752687,31.600000381469727,2021-06-10T07:09:16Z
-34.5581348,-58.47528861,31.200000762939453,2021-06-10T07:09:18Z
-34.55814082,-58.47530443,31.799999237060547,2021-06-10T07:09:19Z
-34.55815545,-58.47532264,31.899999618530273,2021-06-10T07:09:21Z
-34.55817305,-58.47533494,31.5,2021-06-10T07:09:24Z
-34.55817818,-58.47534889,33.099998474121094,2021-06-10T07:09:30Z
-34.55818389,-58.47535978,33.20000076293945,2021-06-10T07:09:56Z
-34.55820562,-58.47539568,34.5,2021-06-10T07:09:57Z
-34.55823019,-58.47545144,34.099998474121094,2021-06-10T07:09:59Z
-34.5583123,-58.47552564,31.700000762939453,2021-06-10T07:10:02Z
-34.55838074,-58.47555022,28.600000381469727,2021-06-10T07:10:04Z
-34.55843341,-58.4755213,28.399999618530273,2021-06-10T07:10:05Z
-34.55848884,-58.47548363,28.0,2021-06-10T07:10:07Z
-34.55853989,-58.47534325,28.299999237060547,2021-06-10T07:10:10Z
-34.5585903,-58.47522061,28.100000381469727,2021-06-10T07:10:12Z
-34.55863506,-58.47511799,28.700000762939453,2021-06-10T07:10:13Z
-34.55867388,-58.47501586,28.600000381469727,2021-06-10T07:10:15Z
-34.55870606,-58.47492511,28.100000381469727,2021-06-10T07:10:18Z
-34.5587383,-58.47485623,28.0,2021-06-10T07:10:20Z
-34.55876724,-58.47479173,27.700000762939453,2021-06-10T07:10:21Z
-34.55877634,-58.47475215,27.5,2021-06-10T07:10:23Z
-34.55879784,-58.47470187,27.600000381469727,2021-06-10T07:10:26Z
-34.55882641,-58.47462603,27.5,2021-06-10T07:10:28Z
-34.55887514,-58.47452289,27.5,2021-06-10T07:10:29Z
-34.55893444,-58.47438701,28.100000381469727,2021-06-10T07:10:31Z
-34.55901105,-58.47423233,28.399999618530273,2021-06-10T07:10:34Z
-34.55908434,-58.47401472,27.700000762939453,2021-06-10T07:10:36Z
-34.55917673,-58.47379836,27.799999237060547,2021-06-10T07:10:37Z
-34.5592764,-58.47355172,27.200000762939453,2021-06-10T07:10:39Z
-34.55937443,-58.47331182,27.399999618530273,2021-06-10T07:10:42Z
-34.55946101,-58.47309344,27.200000762939453,2021-06-10T07:10:44Z
-34.55955891,-58.4728727,26.799999237060547,2021-06-10T07:10:45Z
-34.55965506,-58.47265174,27.5,2021-06-10T07:10:47Z
-34.55973944,-58.47243896,28.200000762939453,2021-06-10T07:10:50Z
-34.55982558,-58.4722442,27.899999618530273,2021-06-10T07:10:52Z
-34.5599053,-58.47204907,27.899999618530273,2021-06-10T07:10:53Z
-34.55996572,-58.47187319,28.5,2021-06-10T07:10:55Z
-34.56002078,-58.47168413,26.200000762939453,2021-06-10T07:10:58Z
-34.56007109,-58.47150019,25.899999618530273,2021-06-10T07:11:00Z
-34.56017426,-58.47136521,25.100000381469727,2021-06-10T07:11:01Z
-34.56027506,-58.47117037,24.899999618530273,2021-06-10T07:11:03Z
-34.56036246,-58.470958,24.899999618530273,2021-06-10T07:11:06Z
-34.56045415,-58.47074615,25.200000762939453,2021-06-10T07:11:08Z
-34.56054006,-58.47053234,24.600000381469727,2021-06-10T07:11:09Z
-34.56062463,-58.47035811,24.799999237060547,2021-06-10T07:11:11Z
-34.56069605,-58.47013051,25.100000381469727,2021-06-10T07:11:14Z
-34.56078857,-58.46993567,25.299999237060547,2021-06-10T07:11:16Z
-34.56086307,-58.46973238,25.899999618530273,2021-06-10T07:11:17Z
-34.56094377,-58.46955264,26.299999237060547,2021-06-10T07:11:19Z
-34.56100725,-58.46941571,26.899999618530273,2021-06-10T07:11:22Z
-34.56105267,-58.46929599,27.799999237060547,2021-06-10T07:11:24Z
-34.5610894,-58.4692052,28.700000762939453,2021-06-10T07:11:25Z
-34.56110281,-58.46916307,28.299999237060547,2021-06-10T07:11:27Z
-34.56111415,-58.46912107,28.700000762939453,2021-06-10T07:11:30Z
-34.56111454,-58.46910295,29.299999237060547,2021-06-10T07:11:33Z
-34.56110546,-58.46909228,29.399999618530273,2021-06-10T07:11:38Z
-34.56115328,-58.46900824,29.0,2021-06-10T07:11:59Z
-34.56117568,-58.46895024,32.0,2021-06-10T07:12:01Z
-34.56120005,-58.4688863,32.79999923706055,2021-06-10T07:12:02Z
-34.56126035,-58.46874268,33.79999923706055,2021-06-10T07:12:04Z
-34.56134994,-58.46858435,35.0,2021-06-10T07:12:06Z
-34.56143225,-58.46841759,34.79999923706055,2021-06-10T07:12:09Z
-34.56153242,-58.46827019,34.70000076293945,2021-06-10T07:12:11Z
-34.56160898,-58.46806114,35.70000076293945,2021-06-10T07:12:12Z
-34.56169484,-58.46783527,37.29999923706055,2021-06-10T07:12:14Z
-34.56173995,-58.46765287,36.400001525878906,2021-06-10T07:12:16Z
-34.56182004,-58.46753982,37.099998474121094,2021-06-10T07:12:18Z
-34.56191045,-58.46739124,37.79999923706055,2021-06-10T07:12:21Z
-34.56198747,-58.4672012,36.79999923706055,2021-06-10T07:12:23Z
-34.56201398,-58.46699264,37.400001525878906,2021-06-10T07:12:24Z
-34.56209925,-58.46681371,36.79999923706055,2021-06-10T07:12:26Z
-34.56217412,-58.46667773,39.29999923706055,2021-06-10T07:12:30Z
-34.56219196,-58.46659304,37.79999923706055,2021-06-10T07:12:32Z
-34.56222654,-58.46656404,38.0,2021-06-10T07:12:34Z
-34.56225107,-58.46655125,36.5,2021-06-10T07:12:36Z
-34.56226914,-58.4665591,38.0,2021-06-10T07:12:38Z
-34.56228433,-58.46658197,38.29999923706055,2021-06-10T07:12:39Z
-34.56235299,-58.46664024,39.70000076293945,2021-06-10T07:12:41Z
-34.56237854,-58.46669811,40.900001525878906,2021-06-10T07:12:43Z
-34.5624406,-58.46679707,40.400001525878906,2021-06-10T07:12:45Z
-34.56247934,-58.46686384,38.70000076293945,2021-06-10T07:12:49Z
-34.5625381,-58.46692279,38.5,2021-06-10T07:12:51Z
-34.56256827,-58.46696109,39.099998474121094,2021-06-10T07:12:52Z
-34.56260741,-58.46700883,39.5,2021-06-10T07:12:54Z
-34.56264171,-58.46709824,39.099998474121094,2021-06-10T07:12:56Z
-34.56270384,-58.46716243,38.0,2021-06-10T07:12:57Z
-34.56276421,-58.46719532,36.900001525878906,2021-06-10T07:12:59Z
-34.56281716,-58.46721922,36.0,2021-06-10T07:13:01Z
-34.56286782,-58.4672854,35.900001525878906,2021-06-10T07:13:03Z
-34.56290355,-58.46730388,37.099998474121094,2021-06-10T07:13:06Z
-34.56285872,-58.46730885,36.900001525878906,2021-06-10T07:13:08Z
-34.56286986,-58.46733051,36.599998474121094,2021-06-10T07:13:09Z
-34.56285463,-58.46731148,37.400001525878906,2021-06-10T07:13:11Z
-34.56284549,-58.46730685,37.5,2021-06-10T07:13:13Z
-34.56283262,-58.46730181,37.599998474121094,2021-06-10T07:13:15Z
-34.56281492,-58.46728789,37.0,2021-06-10T07:13:17Z
-34.56287897,-58.46736017,38.29999923706055,2021-06-10T07:13:25Z
-34.56292187,-58.4674129,38.0,2021-06-10T07:13:27Z
-34.56295297,-58.46746871,39.20000076293945,2021-06-10T07:13:29Z
-34.56298903,-58.46753202,40.29999923706055,2021-06-10T07:13:32Z
-34.56307592,-58.46758823,37.599998474121094,2021-06-10T07:13:34Z
-34.56312208,-58.46764363,37.099998474121094,2021-06-10T07:13:36Z
-34.5631704,-58.46776214,37.5,2021-06-10T07:13:38Z
-34.56325478,-58.4678978,36.20000076293945,2021-06-10T07:13:40Z
-34.56334953,-58.4680391,37.099998474121094,2021-06-10T07:13:42Z
-34.56339244,-58.468136,34.5,2021-06-10T07:13:43Z
-34.5634231,-58.46822446,31.899999618530273,2021-06-10T07:13:45Z
-34.56345865,-58.46825643,30.700000762939453,2021-06-10T07:13:48Z
-34.56346709,-58.4682661,30.600000381469727,2021-06-10T07:13:50Z
-34.5634521,-58.46825408,31.399999618530273,2021-06-10T07:13:51Z
-34.56346196,-58.46827524,32.5,2021-06-10T07:13:53Z
-34.56345047,-58.46829408,34.400001525878906,2021-06-10T07:13:56Z
-34.56346615,-58.46834056,36.79999923706055,2021-06-10T07:13:58Z
-34.56352118,-58.46839699,35.79999923706055,2021-06-10T07:13:59Z
-34.56358915,-58.46849763,33.400001525878906,2021-06-10T07:14:01Z
-34.5636352,-58.46856406,35.099998474121094,2021-06-10T07:14:04Z
-34.56368414,-58.46865096,35.599998474121094,2021-06-10T07:14:06Z
-34.56375887,-58.46877603,38.0,2021-06-10T07:14:08Z
-34.56383941,-58.46890811,37.5,2021-06-10T07:14:10Z
-34.56395355,-58.46903022,36.5,2021-06-10T07:14:11Z
-34.56402315,-58.46916653,37.0,2021-06-10T07:14:13Z
-34.56417728,-58.46941982,37.0,2021-06-10T07:14:17Z
-34.56430342,-58.46956785,38.29999923706055,2021-06-10T07:14:19Z
-34.56438712,-58.46967992,39.400001525878906,2021-06-10T07:14:21Z
-34.56442451,-58.4697685,39.599998474121094,2021-06-10T07:14:23Z
-34.56449274,-58.46986985,35.0,2021-06-10T07:14:25Z
-34.56454355,-58.46993185,33.79999923706055,2021-06-10T07:14:26Z
-34.56459247,-58.46997769,34.0,2021-06-10T07:14:28Z
-34.56463108,-58.47000652,34.79999923706055,2021-06-10T07:14:30Z
-34.56466297,-58.47003366,37.79999923706055,2021-06-10T07:14:32Z
-34.56463362,-58.47000212,39.5,2021-06-10T07:14:36Z
-34.56463817,-58.47001386,41.0,2021-06-10T07:14:38Z
-34.56467943,-58.47000755,39.900001525878906,2021-06-10T07:14:42Z
-34.56469435,-58.47002524,40.0,2021-06-10T07:14:44Z
-34.56474678,-58.47012275,40.20000076293945,2021-06-10T07:14:47Z
-34.56477565,-58.47018704,39.400001525878906,2021-06-10T07:14:49Z
-34.56481034,-58.47026726,38.599998474121094,2021-06-10T07:14:52Z
-34.56485659,-58.4703312,39.29999923706055,2021-06-10T07:14:54Z
-34.56491074,-58.47039352,40.5,2021-06-10T07:14:55Z
-34.56496943,-58.47048809,40.20000076293945,2021-06-10T07:14:58Z
-34.56501411,-58.47056641,38.29999923706055,2021-06-10T07:15:00Z
-34.56508545,-58.4706996,40.20000076293945,2021-06-10T07:15:01Z
-34.5651549,-58.47080019,40.20000076293945,2021-06-10T07:15:03Z
-34.56521033,-58.47091846,39.79999923706055,2021-06-10T07:15:05Z
-34.56526196,-58.47104255,40.70000076293945,2021-06-10T07:15:07Z
-34.56533492,-58.47111301,39.70000076293945,2021-06-10T07:15:09Z
-34.56541273,-58.47120656,39.29999923706055,2021-06-10T07:15:12Z
-34.56547442,-58.4712974,38.79999923706055,2021-06-10T07:15:14Z
-34.56551099,-58.47141491,38.29999923706055,2021-06-10T07:15:16Z
-34.5656353,-58.47153229,36.20000076293945,2021-06-10T07:15:18Z
-34.56576609,-58.4717266,36.099998474121094,2021-06-10T07:15:21Z
-34.56586675,-58.47190209,36.099998474121094,2021-06-10T07:15:23Z
-34.56597505,-58.4720592,35.79999923706055,2021-06-10T07:15:25Z
-34.56610393,-58.47225582,35.20000076293945,2021-06-10T07:15:27Z
-34.5662322,-58.4724486,35.0,2021-06-10T07:15:28Z
-34.56635462,-58.47263051,35.099998474121094,2021-06-10T07:15:30Z
-34.56647837,-58.47280831,35.099998474121094,2021-06-10T07:15:32Z
-34.56660182,-58.47298576,35.20000076293945,2021-06-10T07:15:34Z
-34.56668446,-58.47309805,35.20000076293945,2021-06-10T07:15:36Z
-34.56684579,-58.47346485,34.5,2021-06-10T07:15:38Z
-34.56695447,-58.47366054,35.0,2021-06-10T07:15:40Z
-34.56708828,-58.47383854,35.0,2021-06-10T07:15:42Z
-34.56712247,-58.47403897,34.599998474121094,2021-06-10T07:15:46Z
-34.5672569,-58.4742299,31.200000762939453,2021-06-10T07:15:48Z
-34.567344,-58.47441407,32.900001525878906,2021-06-10T07:15:49Z
-34.5674888,-58.47462529,31.399999618530273,2021-06-10T07:15:51Z
-34.56762598,-58.47480105,31.399999618530273,2021-06-10T07:15:52Z
-34.56768873,-58.47499566,28.799999237060547,2021-06-10T07:15:54Z
-34.56778406,-58.47518335,25.299999237060547,2021-06-10T07:15:56Z
-34.56788194,-58.47537987,28.799999237060547,2021-06-10T07:15:58Z
-34.56801911,-58.47554409,31.100000381469727,2021-06-10T07:16:02Z
-34.56810769,-58.47573579,27.200000762939453,2021-06-10T07:16:03Z
-34.56824543,-58.4759151,27.799999237060547,2021-06-10T07:16:05Z
-34.56836755,-58.47611868,27.799999237060547,2021-06-10T07:16:07Z
-34.56848009,-58.47632293,28.799999237060547,2021-06-10T07:16:09Z
-34.56860488,-58.47653402,29.600000381469727,2021-06-10T07:16:11Z
-34.56874069,-58.47677712,31.700000762939453,2021-06-10T07:16:12Z
-34.56882999,-58.47693695,31.600000381469727,2021-06-10T07:16:14Z
-34.5689048,-58.47705639,30.700000762939453,2021-06-10T07:16:16Z
-34.56895043,-58.47710846,32.099998474121094,2021-06-10T07:16:18Z
-34.56892426,-58.47708753,32.400001525878906,2021-06-10T07:16:22Z
-34.56891682,-58.47707491,32.900001525878906,2021-06-10T07:16:26Z
-34.56891124,-58.47708473,33.20000076293945,2021-06-10T07:16:59Z
-34.56893962,-58.47710815,35.099998474121094,2021-06-10T07:17:01Z
-34.56898424,-58.47719984,36.0,2021-06-10T07:17:04Z
-34.5690452,-58.47728553,33.099998474121094,2021-06-10T07:17:06Z
-34.56909517,-58.47738638,32.0,2021-06-10T07:17:08Z
-34.5691475,-58.47748382,31.600000381469727,2021-06-10T07:17:10Z
-34.56922346,-58.47756427,29.700000762939453,2021-06-10T07:17:11Z
-34.56930199,-58.47772582,29.399999618530273,2021-06-10T07:17:13Z
-34.56936956,-58.47786755,28.899999618530273,2021-06-10T07:17:15Z
-34.56943691,-58.47798839,31.200000762939453,2021-06-10T07:17:17Z
-34.56951568,-58.47810594,32.400001525878906,2021-06-10T07:17:19Z
-34.56959653,-58.47823614,32.79999923706055,2021-06-10T07:17:21Z
-34.56966929,-58.47835076,31.799999237060547,2021-06-10T07:17:23Z
-34.56974641,-58.47845225,30.399999618530273,2021-06-10T07:17:25Z
-34.56981825,-58.47856117,30.5,2021-06-10T07:17:27Z
-34.56990207,-58.47866734,30.299999237060547,2021-06-10T07:17:29Z
-34.56997761,-58.47883622,31.0,2021-06-10T07:17:31Z
-34.57007894,-58.47900103,32.400001525878906,2021-06-10T07:17:33Z
-34.57016506,-58.47918007,32.900001525878906,2021-06-10T07:17:35Z
-34.57025269,-58.47933327,33.400001525878906,2021-06-10T07:17:37Z
-34.57034392,-58.47948243,32.900001525878906,2021-06-10T07:17:39Z
-34.5704293,-58.47962317,32.900001525878906,2021-06-10T07:17:41Z
-34.57050674,-58.47975078,32.099998474121094,2021-06-10T07:17:43Z
-34.57056822,-58.47985078,33.29999923706055,2021-06-10T07:17:45Z
-34.57065107,-58.4798737,33.599998474121094,2021-06-10T07:17:49Z
-34.57068173,-58.47984463,32.599998474121094,2021-06-10T07:17:51Z
-34.57071151,-58.47981166,32.0,2021-06-10T07:17:53Z
-34.57079698,-58.47972851,32.0,2021-06-10T07:17:54Z
-34.57097608,-58.4797197,31.899999618530273,2021-06-10T07:17:56Z
-34.57109504,-58.47965731,31.600000381469727,2021-06-10T07:17:58Z
-34.57119742,-58.47954821,32.29999923706055,2021-06-10T07:18:00Z
-34.57127198,-58.47949929,32.5,2021-06-10T07:18:03Z
-34.57133623,-58.47935385,31.600000381469727,2021-06-10T07:18:05Z
-34.57134533,-58.47935014,31.700000762939453,2021-06-10T07:18:06Z
-34.5714221,-58.47941678,33.599998474121094,2021-06-10T07:18:08Z
-34.57148997,-58.47947624,33.400001525878906,2021-06-10T07:18:10Z
-34.5715517,-58.47959549,35.0,2021-06-10T07:18:12Z
-34.57160416,-58.47965203,34.900001525878906,2021-06-10T07:18:15Z
-34.57173435,-58.47982287,35.79999923706055,2021-06-10T07:18:17Z
-34.57179635,-58.47992372,35.20000076293945,2021-06-10T07:18:18Z
-34.57181781,-58.480138,31.200000762939453,2021-06-10T07:18:20Z
-34.57194578,-58.48026678,28.600000381469727,2021-06-10T07:18:22Z
-34.57202004,-58.48037741,28.0,2021-06-10T07:18:24Z
-34.57211983,-58.48048981,29.5,2021-06-10T07:18:26Z
-34.57221598,-58.480605,28.600000381469727,2021-06-10T07:18:27Z
-34.57224136,-58.48066868,29.100000381469727,2021-06-10T07:18:31Z
-34.57230616,-58.48075105,29.899999618530273,2021-06-10T07:18:33Z
-34.57242196,-58.48095377,28.399999618530273,2021-06-10T07:18:36Z
-34.57248635,-58.48111568,28.899999618530273,2021-06-10T07:18:38Z
-34.57254559,-58.48117041,28.5,2021-06-10T07:18:40Z
-34.57258893,-58.48124904,29.0,2021-06-10T07:18:44Z
-34.57261722,-58.48131546,29.600000381469727,2021-06-10T07:18:46Z
-34.57263958,-58.48131217,30.0,2021-06-10T07:18:48Z
-34.57262646,-58.48135565,30.100000381469727,2021-06-10T07:18:50Z
-34.57265893,-58.48134592,31.399999618530273,2021-06-10T07:18:51Z
-34.57267153,-58.4813197,32.599998474121094,2021-06-10T07:18:53Z
-34.57270762,-58.48129867,34.5,2021-06-10T07:18:57Z
-34.57270053,-58.4812891,35.70000076293945,2021-06-10T07:18:59Z
-34.57268397,-58.4813238,37.400001525878906,2021-06-10T07:19:01Z
-34.57269472,-58.4813366,40.599998474121094,2021-06-10T07:19:03Z
-34.57268185,-58.48135329,44.70000076293945,2021-06-10T07:19:07Z
-34.57269649,-58.48131303,46.900001525878906,2021-06-10T07:19:15Z
-34.57268675,-58.48128357,47.79999923706055,2021-06-10T07:19:17Z
-34.57266859,-58.48126695,49.20000076293945,2021-06-10T07:19:19Z
-34.57264894,-58.48124398,50.099998474121094,2021-06-10T07:19:20Z
-34.57264064,-58.48128866,52.70000076293945,2021-06-10T07:19:27Z
-34.5726254,-58.48134445,56.70000076293945,2021-06-10T07:19:29Z
-34.57263245,-58.48141607,53.79999923706055,2021-06-10T07:19:31Z
-34.57276736,-58.48158767,56.29999923706055,2021-06-10T07:19:33Z
-34.57291675,-58.48181848,59.900001525878906,2021-06-10T07:19:34Z
-34.5730583,-58.4820309,60.70000076293945,2021-06-10T07:19:36Z
-34.57323346,-58.4822425,62.0,2021-06-10T07:19:38Z
-34.57340112,-58.48254748,63.400001525878906,2021-06-10T07:19:40Z
-34.57354437,-58.48273731,62.29999923706055,2021-06-10T07:19:42Z
-34.57366438,-58.48291884,63.400001525878906,2021-06-10T07:19:44Z
-34.57372395,-58.48297467,63.599998474121094,2021-06-10T07:19:46Z
-34.57375197,-58.48305615,60.70000076293945,2021-06-10T07:19:48Z
-34.5737981,-58.48313119,58.20000076293945,2021-06-10T07:19:50Z
-34.57382484,-58.48326975,53.400001525878906,2021-06-10T07:19:52Z
-34.57384276,-58.48335027,53.70000076293945,2021-06-10T07:19:55Z
-34.57387081,-58.48339264,53.29999923706055,2021-06-10T07:19:57Z
-34.57389261,-58.48340374,53.70000076293945,2021-06-10T07:19:58Z
-34.57391481,-58.48340535,58.099998474121094,2021-06-10T07:20:00Z
-34.57388751,-58.48346417,62.0,2021-06-10T07:20:02Z
-34.57386225,-58.48350698,63.79999923706055,2021-06-10T07:20:04Z
-34.57384287,-58.48346642,65.69999694824219,2021-06-10T07:20:06Z
-34.57383617,-58.48348221,65.0,2021-06-10T07:20:11Z
-34.57384499,-58.48349718,63.79999923706055,2021-06-10T07:20:14Z
-34.57384542,-58.4835101,63.900001525878906,2021-06-10T07:20:18Z
-34.57385066,-58.48352974,62.70000076293945,2021-06-10T07:20:21Z
-34.5738713,-58.48357084,62.900001525878906,2021-06-10T07:20:24Z
-34.57395074,-58.48367309,62.400001525878906,2021-06-10T07:20:27Z
-34.57402883,-58.48375682,63.099998474121094,2021-06-10T07:20:29Z
-34.5740761,-58.48383727,64.0999984741211,2021-06-10T07:20:30Z
-34.57412727,-58.4839219,64.80000305175781,2021-06-10T07:20:32Z
-34.57421466,-58.48399313,63.900001525878906,2021-06-10T07:20:34Z
-34.57422746,-58.48408415,67.69999694824219,2021-06-10T07:20:36Z
-34.57427638,-58.48411118,68.69999694824219,2021-06-10T07:20:38Z
-34.57428133,-58.48408605,67.69999694824219,2021-06-10T07:20:42Z
-34.5742979,-58.48408197,66.69999694824219,2021-06-10T07:20:44Z
-34.5743095,-58.48407936,66.30000305175781,2021-06-10T07:20:46Z
-34.57431725,-58.48407264,65.30000305175781,2021-06-10T07:20:53Z
-34.57433263,-58.48411836,66.5,2021-06-10T07:20:55Z
-34.57434182,-58.48418152,64.9000015258789,2021-06-10T07:20:56Z
-34.57437331,-58.48425624,64.80000305175781,2021-06-10T07:20:58Z
-34.57444397,-58.4843283,65.5,2021-06-10T07:21:00Z
-34.57451373,-58.48446372,61.20000076293945,2021-06-10T07:21:02Z
-34.57459196,-58.48468839,58.900001525878906,2021-06-10T07:21:06Z
-34.57467768,-58.48475964,58.099998474121094,2021-06-10T07:21:08Z
-34.57470359,-58.48485294,54.20000076293945,2021-06-10T07:21:10Z
-34.57473498,-58.48490902,53.5,2021-06-10T07:21:11Z
-34.57478342,-58.48498252,53.400001525878906,2021-06-10T07:21:13Z
-34.57475049,-58.48497861,54.79999923706055,2021-06-10T07:21:17Z
-34.57474032,-58.48494797,50.900001525878906,2021-06-10T07:21:19Z
-34.57472786,-58.48496648,49.599998474121094,2021-06-10T07:21:21Z
-34.57472427,-58.48497986,48.400001525878906,2021-06-10T07:21:22Z
-34.57470129,-58.4850123,49.5,2021-06-10T07:21:26Z
-34.57468769,-58.48502025,51.79999923706055,2021-06-10T07:21:28Z
-34.57469164,-58.48503147,53.599998474121094,2021-06-10T07:21:38Z
-34.57472009,-58.48506496,53.0,2021-06-10T07:21:46Z
-34.57475704,-58.48510314,52.79999923706055,2021-06-10T07:21:48Z
-34.57476391,-58.48511934,53.0,2021-06-10T07:22:13Z
-34.57482619,-58.48515579,53.0,2021-06-10T07:22:15Z
-34.57491648,-58.485232,52.900001525878906,2021-06-10T07:22:17Z
-34.57497361,-58.48540516,51.5,2021-06-10T07:22:19Z
-34.57503121,-58.48548209,49.79999923706055,2021-06-10T07:22:21Z
-34.5751224,-58.4855746,50.599998474121094,2021-06-10T07:22:23Z
-34.57519703,-58.48571925,50.5,2021-06-10T07:22:24Z
-34.57524127,-58.48580689,50.099998474121094,2021-06-10T07:22:26Z
-34.57527562,-58.48589796,50.0,2021-06-10T07:22:29Z
-34.57537088,-58.48608555,49.5,2021-06-10T07:22:31Z
-34.57542669,-58.48622283,47.5,2021-06-10T07:22:32Z
-34.57547696,-58.48629684,47.20000076293945,2021-06-10T07:22:34Z
-34.57552997,-58.48641971,46.400001525878906,2021-06-10T07:22:37Z
-34.57556619,-58.48650869,46.79999923706055,2021-06-10T07:22:39Z
-34.57561223,-58.48662642,45.79999923706055,2021-06-10T07:22:40Z
-34.57568744,-58.48671606,45.5,2021-06-10T07:22:42Z
-34.57573048,-58.48679671,45.599998474121094,2021-06-10T07:22:44Z
-34.5757775,-58.48683921,45.70000076293945,2021-06-10T07:22:46Z
-34.57582005,-58.48691578,44.70000076293945,2021-06-10T07:22:48Z
-34.57587908,-58.48698378,43.79999923706055,2021-06-10T07:22:50Z
-34.57591474,-58.48706853,42.70000076293945,2021-06-10T07:22:52Z
-34.57595786,-58.48714465,42.099998474121094,2021-06-10T07:22:54Z
-34.57599813,-58.48721637,43.20000076293945,2021-06-10T07:22:56Z
-34.57605854,-58.48729082,45.79999923706055,2021-06-10T07:23:00Z
-34.57617882,-58.48736398,44.0,2021-06-10T07:23:02Z
-34.57622538,-58.48741153,43.79999923706055,2021-06-10T07:23:04Z
-34.57625753,-58.48749572,44.70000076293945,2021-06-10T07:23:06Z
-34.57631548,-58.48765666,44.599998474121094,2021-06-10T07:23:08Z
-34.57641264,-58.48778745,44.099998474121094,2021-06-10T07:23:10Z
-34.57645364,-58.48789211,45.79999923706055,2021-06-10T07:23:12Z
-34.57657477,-58.48802039,46.099998474121094,2021-06-10T07:23:13Z
-34.57670969,-58.48826725,44.20000076293945,2021-06-10T07:23:15Z
-34.57680939,-58.48845805,46.0,2021-06-10T07:23:17Z
-34.57693964,-58.48863045,45.79999923706055,2021-06-10T07:23:19Z
-34.57702667,-58.48878349,44.0,2021-06-10T07:23:21Z
-34.57714062,-58.4889832,43.0,2021-06-10T07:23:25Z
-34.57712509,-58.48906535,42.099998474121094,2021-06-10T07:23:27Z
-34.57717121,-58.48915232,41.599998474121094,2021-06-10T07:23:28Z
-34.57721275,-58.48925764,42.099998474121094,2021-06-10T07:23:30Z
-34.57739423,-58.48950815,42.400001525878906,2021-06-10T07:23:32Z
-34.57755809,-58.48969632,43.900001525878906,2021-06-10T07:23:35Z
-34.57766457,-58.4898528,42.79999923706055,2021-06-10T07:23:37Z
-34.57774613,-58.48999111,40.599998474121094,2021-06-10T07:23:39Z
-34.57780116,-58.49002484,38.70000076293945,2021-06-10T07:23:41Z
-34.57778702,-58.49007202,38.29999923706055,2021-06-10T07:23:42Z
-34.57777939,-58.49011765,36.29999923706055,2021-06-10T07:23:44Z
-34.57785815,-58.49020542,35.79999923706055,2021-06-10T07:23:48Z
-34.57789055,-58.49026562,36.20000076293945,2021-06-10T07:23:50Z
-34.57798129,-58.49042902,35.70000076293945,2021-06-10T07:23:52Z
-34.57810151,-58.49068111,36.5,2021-06-10T07:23:54Z
-34.57821915,-58.49088983,37.5,2021-06-10T07:23:55Z
-34.57824735,-58.49095389,30.100000381469727,2021-06-10T07:23:57Z
-34.57834272,-58.49105804,31.799999237060547,2021-06-10T07:23:59Z
-34.57838964,-58.49117237,32.79999923706055,2021-06-10T07:24:01Z
-34.57844622,-58.49126269,33.0,2021-06-10T07:24:05Z
-34.57858854,-58.49144053,33.400001525878906,2021-06-10T07:24:06Z
-34.57872325,-58.49161581,32.400001525878906,2021-06-10T07:24:08Z
-34.57882925,-58.49179562,32.0,2021-06-10T07:24:10Z
-34.57888562,-58.49190973,32.400001525878906,2021-06-10T07:24:12Z
-34.57897283,-58.49197464,31.399999618530273,2021-06-10T07:24:14Z
-34.57900183,-58.49216549,31.5,2021-06-10T07:24:16Z
-34.57904932,-58.49235076,34.70000076293945,2021-06-10T07:24:18Z
-34.57911201,-58.49246275,35.20000076293945,2021-06-10T07:24:19Z
-34.57914524,-58.49261153,35.5,2021-06-10T07:24:22Z
-34.57929093,-58.49276012,35.0,2021-06-10T07:24:24Z
-34.57936664,-58.49285516,35.099998474121094,2021-06-10T07:24:25Z
-34.57948562,-58.4931371,35.0,2021-06-10T07:24:27Z
-34.57961251,-58.49327196,37.29999923706055,2021-06-10T07:24:29Z
-34.57971482,-58.49339999,38.29999923706055,2021-06-10T07:24:31Z
-34.57977262,-58.49351483,38.400001525878906,2021-06-10T07:24:34Z
-34.57983174,-58.49356525,38.5,2021-06-10T07:24:36Z
-34.5798699,-58.49362847,37.900001525878906,2021-06-10T07:24:37Z
-34.57993054,-58.49369934,40.400001525878906,2021-06-10T07:24:41Z
-34.5800414,-58.49371385,41.79999923706055,2021-06-10T07:24:43Z
-34.58010937,-58.49364131,47.70000076293945,2021-06-10T07:24:45Z
-34.58017461,-58.49356888,44.20000076293945,2021-06-10T07:24:47Z
-34.58022378,-58.4935009,45.0,2021-06-10T07:24:49Z
-34.58026502,-58.4934516,43.70000076293945,2021-06-10T07:24:51Z
-34.58033566,-58.49332326,44.79999923706055,2021-06-10T07:24:53Z
-34.58042392,-58.49318621,43.79999923706055,2021-06-10T07:24:55Z
-34.58046508,-58.49315115,42.099998474121094,2021-06-10T07:24:57Z
-34.58053107,-58.49311751,39.599998474121094,2021-06-10T07:24:59Z
-34.58059421,-58.49307938,41.0,2021-06-10T07:25:01Z
-34.58062718,-58.49295595,42.70000076293945,2021-06-10T07:25:04Z
-34.58063924,-58.49290622,41.099998474121094,2021-06-10T07:25:06Z
-34.58061151,-58.49287656,40.70000076293945,2021-06-10T07:25:08Z
-34.58061565,-58.49286304,44.20000076293945,2021-06-10T07:25:09Z
-34.58062813,-58.49285384,45.900001525878906,2021-06-10T07:25:11Z
-34.58064332,-58.4928324,48.599998474121094,2021-06-10T07:25:13Z
-34.58063836,-58.49278003,47.099998474121094,2021-06-10T07:25:15Z
-34.58064435,-58.49276928,46.099998474121094,2021-06-10T07:25:30Z
-34.58064616,-58.4927531,46.099998474121094,2021-06-10T07:25:36Z
-34.58062194,-58.49273943,45.900001525878906,2021-06-10T07:26:58Z
-34.58061957,-58.49272277,36.599998474121094,2021-06-10T07:27:00Z
-34.58063655,-58.49271371,29.799999237060547,2021-06-10T07:27:05Z
-34.58064957,-58.49270353,27.200000762939453,2021-06-10T07:27:08Z
-34.58065104,-58.49269268,29.799999237060547,2021-06-10T07:28:14Z
-34.58063792,-58.49269606,29.0,2021-06-10T07:28:51Z
-34.58061408,-58.49269228,29.700000762939453,2021-06-10T07:29:01Z
-34.5806193,-58.49268229,27.600000381469727,2021-06-10T07:29:07Z
-34.58057725,-58.49269974,29.299999237060547,2021-06-10T07:30:10Z
-34.58053925,-58.49268533,32.20000076293945,2021-06-10T07:30:12Z
-34.58051592,-58.49266073,34.20000076293945,2021-06-10T07:30:13Z
-34.58050782,-58.49263198,34.79999923706055,2021-06-10T07:30:15Z
-34.58048913,-58.49260936,34.29999923706055,2021-06-10T07:30:17Z
-34.5804579,-58.49260398,34.900001525878906,2021-06-10T07:30:19Z
-34.58044852,-58.49258577,34.5,2021-06-10T07:30:21Z
-34.58043136,-58.49258626,42.70000076293945,2021-06-10T07:30:23Z
-34.5804087,-58.49257399,45.900001525878906,2021-06-10T07:30:25Z
-34.5803873,-58.49257368,43.900001525878906,2021-06-10T07:30:27Z
-34.5803779,-58.49256145,42.79999923706055,2021-06-10T07:30:29Z
-34.58037264,-58.49257594,43.599998474121094,2021-06-10T07:30:31Z
-34.58037014,-58.49260481,44.400001525878906,2021-06-10T07:30:33Z
-34.58035468,-58.49256804,43.70000076293945,2021-06-10T07:30:35Z
-34.58034527,-58.49256358,43.400001525878906,2021-06-10T07:30:37Z
-34.58034278,-58.49253942,45.0,2021-06-10T07:30:39Z
-34.58033447,-58.49253239,44.5,2021-06-10T07:30:41Z
-34.58026319,-58.49251636,46.400001525878906,2021-06-10T07:30:43Z
-34.58024267,-58.49251292,46.0,2021-06-10T07:30:45Z
-34.58021186,-58.49251709,46.20000076293945,2021-06-10T07:30:47Z
-34.58019387,-58.49251369,45.900001525878906,2021-06-10T07:30:50Z
-34.58019109,-58.49249801,46.5,2021-06-10T07:30:52Z
-34.58020169,-58.49245653,45.099998474121094,2021-06-10T07:30:54Z
-34.58022276,-58.49244788,46.70000076293945,2021-06-10T07:30:56Z
-34.58020547,-58.49241076,44.400001525878906,2021-06-10T07:30:58Z
-34.58020161,-58.49235317,46.0,2021-06-10T07:31:00Z
-34.58017601,-58.49232028,46.79999923706055,2021-06-10T07:31:01Z
-34.58015799,-58.49229279,46.20000076293945,2021-06-10T07:31:03Z
-34.5801801,-58.49230774,45.20000076293945,2021-06-10T07:31:05Z
-34.58017581,-58.49228738,45.400001525878906,2021-06-10T07:31:07Z
-34.58015552,-58.49227609,45.599998474121094,2021-06-10T07:31:11Z
-34.580144,-58.49226806,45.70000076293945,2021-06-10T07:31:14Z
-34.58013058,-58.49224644,46.0,2021-06-10T07:31:16Z
-34.58010519,-58.49224385,46.70000076293945,2021-06-10T07:31:17Z
-34.5800978,-58.49222621,47.29999923706055,2021-06-10T07:31:19Z
-34.58008659,-58.492223,47.70000076293945,2021-06-10T07:31:21Z
-34.58008453,-58.49221235,47.0,2021-06-10T07:31:23Z
-34.58007764,-58.49220187,46.900001525878906,2021-06-10T07:31:25Z
-34.58006139,-58.49219172,47.5,2021-06-10T07:31:28Z
-34.58002728,-58.49216939,47.20000076293945,2021-06-10T07:31:32Z
-34.58000557,-58.49215268,48.099998474121094,2021-06-10T07:31:34Z
-34.57993798,-58.49208274,50.099998474121094,2021-06-10T07:31:37Z
-34.57991816,-58.49206122,51.5,2021-06-10T07:31:39Z
-34.57987738,-58.49200796,50.099998474121094,2021-06-10T07:31:41Z
-34.57985845,-58.49197489,49.900001525878906,2021-06-10T07:31:42Z
-34.57986999,-58.49199404,52.599998474121094,2021-06-10T07:31:44Z
-34.57986309,-58.49201742,55.900001525878906,2021-06-10T07:31:46Z
-34.57985603,-58.49200968,56.599998474121094,2021-06-10T07:31:48Z
-34.57985005,-58.49198291,57.29999923706055,2021-06-10T07:31:51Z
-34.5798259,-58.49195232,57.400001525878906,2021-06-10T07:31:53Z
-34.57982903,-58.49192481,57.20000076293945,2021-06-10T07:31:55Z
-34.57983198,-58.49186079,56.20000076293945,2021-06-10T07:31:57Z
-34.57984533,-58.49180535,54.900001525878906,2021-06-10T07:31:59Z
-34.5798943,-58.49173589,52.29999923706055,2021-06-10T07:32:01Z
-34.57993705,-58.49168387,53.79999923706055,2021-06-10T07:32:03Z
-34.57995309,-58.49165881,53.900001525878906,2021-06-10T07:32:04Z
-34.57998169,-58.49161934,51.20000076293945,2021-06-10T07:32:06Z
-34.5800008,-58.49159929,49.70000076293945,2021-06-10T07:32:09Z
-34.58001671,-58.49156184,49.70000076293945,2021-06-10T07:32:11Z
-34.58004217,-58.49156152,49.20000076293945,2021-06-10T07:32:13Z
-34.58006637,-58.49155535,48.79999923706055,2021-06-10T07:32:15Z
-34.58005778,-58.4915255,51.20000076293945,2021-06-10T07:32:16Z
-34.58007001,-58.49152141,52.0,2021-06-10T07:32:18Z
-34.58008127,-58.49151643,51.900001525878906,2021-06-10T07:32:20Z
-34.58005886,-58.49147132,52.900001525878906,2021-06-10T07:32:22Z
-34.58009815,-58.49145454,52.400001525878906,2021-06-10T07:32:24Z
-34.58011033,-58.49139917,52.599998474121094,2021-06-10T07:32:27Z
-34.58011493,-58.49136138,50.5,2021-06-10T07:32:29Z
-34.58012615,-58.49134616,49.900001525878906,2021-06-10T07:32:30Z
-34.58017411,-58.49132453,48.900001525878906,2021-06-10T07:32:32Z
-34.58018105,-58.49130844,50.29999923706055,2021-06-10T07:32:36Z
-34.58019568,-58.49132295,50.099998474121094,2021-06-10T07:32:38Z
-34.58022231,-58.49131537,49.599998474121094,2021-06-10T07:32:43Z
-34.5802371,-58.49128731,49.20000076293945,2021-06-10T07:32:45Z
-34.58025604,-58.49127672,49.099998474121094,2021-06-10T07:32:46Z
-34.58026783,-58.49127295,49.099998474121094,2021-06-10T07:32:48Z
-34.58028012,-58.49126085,49.0,2021-06-10T07:32:50Z
-34.58029126,-58.49126265,49.0,2021-06-10T07:32:52Z
-34.58030033,-58.49124466,49.099998474121094,2021-06-10T07:32:54Z
-34.58030152,-58.49128502,48.900001525878906,2021-06-10T07:32:58Z
-34.58030977,-58.49129173,49.0,2021-06-10T07:33:04Z
-34.58022098,-58.49145575,43.5,2021-06-10T07:34:30Z
-34.58021662,-58.49146659,44.0,2021-06-10T07:34:31Z
-34.58028713,-58.49143629,44.70000076293945,2021-06-10T07:34:33Z
-34.58035974,-58.49143526,46.79999923706055,2021-06-10T07:34:35Z
-34.58040537,-58.49142677,49.20000076293945,2021-06-10T07:34:37Z
-34.58042923,-58.49142771,51.0,2021-06-10T07:34:39Z
-34.58045725,-58.49143472,51.900001525878906,2021-06-10T07:34:41Z
-34.58045177,-58.49142595,53.79999923706055,2021-06-10T07:36:23Z
